River,Filter_Type,Volume_filtered_ml,Cq,Run_ID,Sample_ID,Tech Rep
AA,Millex,200,NA,9,AA_6_30_I_Millex,1
AA,Millex,200,NA,9,AA_6_30_I_Millex,2
AA,Millex,200,NA,9,AA_6_30_I_Millex,3
AA,Millex,200,NA,9,AA_6_30_I_Millex,4
AA,Millex,200,NA,9,AA_6_30_I_Millex,5
AA,Millex,200,NA,9,AA_6_30_II_Millex,1
AA,Millex,200,NA,9,AA_6_30_II_Millex,2
AA,Millex,200,NA,9,AA_6_30_II_Millex,3
AA,Millex,200,NA,9,AA_6_30_II_Millex,4
AA,Millex,200,NA,9,AA_6_30_II_Millex,5
AA,Millex,300,NA,9,AA_7_7_I_Millex,1
AA,Millex,300,NA,9,AA_7_7_I_Millex,2
AA,Millex,300,NA,9,AA_7_7_I_Millex,3
AA,Millex,300,NA,9,AA_7_7_I_Millex,4
AA,Millex,300,NA,9,AA_7_7_I_Millex,5
AA,Millex,300,NA,10,AA_7_7_II_Millex,1
AA,Millex,300,NA,10,AA_7_7_II_Millex,2
AA,Millex,300,NA,10,AA_7_7_II_Millex,3
AA,Millex,300,NA,10,AA_7_7_II_Millex,4
AA,Millex,300,36.37749007,10,AA_7_14_III_Millex,1
AA,Millex,300,NA,10,AA_7_14_III_Millex,2
AA,Millex,300,NA,10,AA_7_14_III_Millex,3
AA,Millex,300,39.074555629999999,10,AA_7_14_III_Millex,4
AA,Millex,300,NA,10,AA_7_14_III_Millex,5
AA,Millex,300,NA,10,AA_7_14_IV_Millex,1
AA,Millex,300,NA,10,AA_7_14_IV_Millex,2
AA,Millex,300,NA,10,AA_7_14_IV_Millex,3
AA,Millex,300,NA,10,AA_7_14_IV_Millex,4
AA,Millex,300,NA,10,AA_7_14_IV_Millex,5
AA,Millex,300,33.977095759999997,10,AA_7_21_III_Millex,1
AA,Millex,300,33.261452560000002,10,AA_7_21_III_Millex,2
AA,Millex,300,33.422723869999999,10,AA_7_21_III_Millex,3
AA,Millex,300,33.367576810000003,10,AA_7_21_III_Millex,4
AA,Millex,300,33.0901098,10,AA_7_21_III_Millex,5
AA,Millex,300,32.957197190000002,10,AA_7_21_IV_Millex,1
AA,Millex,300,32.39471288,10,AA_7_21_IV_Millex,2
AA,Millex,300,32.563301240000001,10,AA_7_21_IV_Millex,3
AA,Millex,300,32.250323350000002,10,AA_7_21_IV_Millex,4
AA,Millex,300,32.562931679999998,10,AA_7_21_IV_Millex,5
AA,Millex,300,NA,10,AA_7_27_III_Millex,1
AA,Millex,300,NA,10,AA_7_27_III_Millex,2
AA,Millex,300,NA,10,AA_7_27_III_Millex,3
AA,Millex,300,NA,10,AA_7_27_III_Millex,4
AA,Millex,300,NA,10,AA_7_27_III_Millex,5
AA,Millex,300,32.149902650000001,10,AA_7_27_IV_Millex,1
AA,Millex,300,32.236493439999997,10,AA_7_27_IV_Millex,2
AA,Millex,300,32.355270419999997,10,AA_7_27_IV_Millex,3
AA,Millex,300,32.28485783,10,AA_7_27_IV_Millex,4
Ly,Millex,300,NA,11,Ly_6_30_I_Millex,1
Ly,Millex,300,NA,11,Ly_6_30_I_Millex,2
Ly,Millex,300,NA,11,Ly_6_30_I_Millex,3
Ly,Millex,300,NA,11,Ly_6_30_I_Millex,4
Ly,Millex,300,NA,11,Ly_6_30_I_Millex,5
Ly,Millex,300,NA,11,Ly_6_30_II_Millex,1
Ly,Millex,300,NA,11,Ly_6_30_II_Millex,2
Ly,Millex,300,NA,11,Ly_6_30_II_Millex,3
Ly,Millex,300,NA,11,Ly_6_30_II_Millex,4
Ly,Millex,300,NA,11,Ly_6_30_II_Millex,5
Ly,Millex,300,NA,11,Ly_7_7_I_Millex,1
Ly,Millex,300,NA,11,Ly_7_7_I_Millex,2
Ly,Millex,300,NA,11,Ly_7_7_I_Millex,3
Ly,Millex,300,NA,11,Ly_7_7_I_Millex,4
Ly,Millex,300,NA,11,Ly_7_7_I_Millex,5
Ly,Millex,300,NA,11,Ly_7_7_II_Millex,1
Ly,Millex,300,NA,11,Ly_7_7_II_Millex,2
Ly,Millex,300,NA,11,Ly_7_7_II_Millex,3
Ly,Millex,300,NA,11,Ly_7_7_II_Millex,4
Ly,Millex,300,NA,11,Ly_7_7_II_Millex,5
Ly,Millex,300,NA,11,Ly_7_14_III_Millex,1
Ly,Millex,300,NA,11,Ly_7_14_III_Millex,2
Ly,Millex,300,NA,11,Ly_7_14_III_Millex,3
Ly,Millex,300,NA,11,Ly_7_14_III_Millex,4
Ly,Millex,300,NA,11,Ly_7_14_III_Millex,5
Ly,Millex,300,NA,11,Ly_7_14_IV_Millex,1
Ly,Millex,300,NA,11,Ly_7_14_IV_Millex,2
Ly,Millex,300,NA,11,Ly_7_14_IV_Millex,3
Ly,Millex,300,NA,11,Ly_7_14_IV_Millex,4
Ly,Millex,300,NA,11,Ly_7_14_IV_Millex,5
Ly,Millex,300,35.36218032,11,Ly_7_21_III_Millex,1
Ly,Millex,300,35.287906489999997,11,Ly_7_21_III_Millex,2
Ly,Millex,300,37.346631629999997,11,Ly_7_21_III_Millex,3
Ly,Millex,300,37.502359820000002,11,Ly_7_21_III_Millex,4
Ly,Millex,300,35.772901330000003,11,Ly_7_21_III_Millex,5
Ly,Millex,300,32.784272770000001,12,Ly_7_21_IV_Millex,1
Ly,Millex,300,32.965921539999997,12,Ly_7_21_IV_Millex,2
Ly,Millex,300,33.018889049999999,12,Ly_7_21_IV_Millex,3
Ly,Millex,300,33.453273670000002,12,Ly_7_21_IV_Millex,4
Ly,Millex,300,32.895362640000002,12,Ly_7_21_IV_Millex,5
Ly,Millex,300,33.535488749999999,12,Ly_7_27_III_Millex,1
Ly,Millex,300,34.219531840000002,12,Ly_7_27_III_Millex,2
Ly,Millex,300,33.459584970000002,12,Ly_7_27_III_Millex,3
Ly,Millex,300,33.683430940000001,12,Ly_7_27_III_Millex,4
Ly,Millex,300,34.108919640000003,12,Ly_7_27_III_Millex,5
Ly,Millex,300,30.471783169999998,12,Ly_7_27_IV_Millex,1
Ly,Millex,300,31.32162022,12,Ly_7_27_IV_Millex,2
Ly,Millex,300,31.182034529999999,12,Ly_7_27_IV_Millex,3
Ly,Millex,300,31.1455269,12,Ly_7_27_IV_Millex,4
Ly,Millex,300,31.105763410000002,12,Ly_7_27_IV_Millex,5
U,Millex,300,32.785818390000003,12,U_6_30_I_Millex,1
U,Millex,300,32.59476068,12,U_6_30_I_Millex,2
U,Millex,300,32.467263389999999,12,U_6_30_I_Millex,3
U,Millex,300,33.069860910000003,12,U_6_30_I_Millex,4
U,Millex,300,32.45854473,12,U_6_30_I_Millex,5
U,Millex,300,33.305529470000003,12,U_6_30_II_Millex,1
U,Millex,300,33.939133099999999,12,U_6_30_II_Millex,2
U,Millex,300,33.830606379999999,12,U_6_30_II_Millex,3
U,Millex,300,33.510085660000001,12,U_6_30_II_Millex,4
U,Millex,300,34.137815619999998,12,U_6_30_II_Millex,5
U,Millex,300,37.298473690000002,12,U_7_7_I_Millex,1
U,Millex,300,NA,12,U_7_7_I_Millex,2
U,Millex,300,38.645453969999998,12,U_7_7_I_Millex,3
U,Millex,300,NA,12,U_7_7_I_Millex,4
U,Millex,300,38.544840909999998,12,U_7_7_I_Millex,5
U,Millex,300,35.3419855,12,U_7_7_II_Millex,1
U,Millex,300,35.884496489999997,12,U_7_7_II_Millex,2
U,Millex,300,35.371407210000001,12,U_7_7_II_Millex,3
U,Millex,300,35.005934510000003,12,U_7_7_II_Millex,4
U,Millex,300,36.07027317,12,U_7_7_II_Millex,5
U,Millex,300,NA,13,U_7_14_III_Millex,1
U,Millex,300,NA,13,U_7_14_III_Millex,2
U,Millex,300,NA,13,U_7_14_III_Millex,3
U,Millex,300,NA,13,U_7_14_III_Millex,4
U,Millex,300,NA,13,U_7_14_III_Millex,5
U,Millex,300,32.001572879999998,13,U_7_14_IV_Millex,1
U,Millex,300,32.271630639999998,13,U_7_14_IV_Millex,2
U,Millex,300,32.368215220000003,13,U_7_14_IV_Millex,3
U,Millex,300,32.53310192,13,U_7_14_IV_Millex,4
U,Millex,300,32.026890880000003,13,U_7_14_IV_Millex,5
U,Millex,250,NA,13,U_7_21_III_Millex,1
U,Millex,250,NA,13,U_7_21_III_Millex,2
U,Millex,250,NA,13,U_7_21_III_Millex,3
U,Millex,250,NA,13,U_7_21_III_Millex,4
U,Millex,250,38.422302960000003,13,U_7_21_III_Millex,5
U,Millex,250,33.151209540000004,13,U_7_21_IV_Millex,1
U,Millex,250,33.081810529999998,13,U_7_21_IV_Millex,2
U,Millex,250,33.63727686,13,U_7_21_IV_Millex,3
U,Millex,250,33.932184530000001,13,U_7_21_IV_Millex,4
U,Millex,250,33.59685949,13,U_7_21_IV_Millex,5
U,Millex,300,NA,13,U_7_27_III_Millex,1
U,Millex,300,NA,13,U_7_27_III_Millex,2
U,Millex,300,NA,13,U_7_27_III_Millex,3
U,Millex,300,NA,13,U_7_27_III_Millex,4
U,Millex,300,NA,13,U_7_27_III_Millex,5
U,Millex,300,30.404975669999999,13,U_7_27_IV_Millex,1
U,Millex,300,30.522541360000002,13,U_7_27_IV_Millex,2
U,Millex,300,30.513350580000001,13,U_7_27_IV_Millex,3
U,Millex,300,30.585606469999998,13,U_7_27_IV_Millex,4
U,Millex,300,30.682138340000002,13,U_7_27_IV_Millex,5
Fu,Millex,300,39.339698390000002,13,Fu_6_30_I_Millex,1
Fu,Millex,300,38.773289839999997,13,Fu_6_30_I_Millex,2
Fu,Millex,300,39.014247650000001,13,Fu_6_30_I_Millex,3
Fu,Millex,300,39.248183490000002,13,Fu_6_30_I_Millex,4
Fu,Millex,300,38.004716289999998,13,Fu_6_30_I_Millex,5
Fu,Millex,300,45.125679290000001,14,Fu_6_30_II_Millex,1
Fu,Millex,300,43.225590230000002,14,Fu_6_30_II_Millex,2
Fu,Millex,300,41.530393580000002,14,Fu_6_30_II_Millex,3
Fu,Millex,300,42.324333330000002,14,Fu_6_30_II_Millex,4
Fu,Millex,300,44.3292024,14,Fu_6_30_II_Millex,5
Fu,Millex,300,35.597452179999998,14,Fu_7_7_I_Millex,1
Fu,Millex,300,36.231639020000003,14,Fu_7_7_I_Millex,2
Fu,Millex,300,35.00993193,14,Fu_7_7_I_Millex,3
Fu,Millex,300,37.279179730000003,14,Fu_7_7_I_Millex,4
Fu,Millex,300,35.822934179999997,14,Fu_7_7_I_Millex,5
Fu,Millex,300,46.323729819999997,14,Fu_7_7_II_Millex,1
Fu,Millex,300,NA,14,Fu_7_7_II_Millex,2
Fu,Millex,300,NA,14,Fu_7_7_II_Millex,3
Fu,Millex,300,NA,14,Fu_7_7_II_Millex,4
Fu,Millex,300,48.115563629999997,14,Fu_7_7_II_Millex,5
Fu,Millex,300,38.305808059999997,14,Fu_7_14_III_Millex,1
Fu,Millex,300,38.358260970000003,14,Fu_7_14_III_Millex,2
Fu,Millex,300,39.137700709999997,14,Fu_7_14_III_Millex,3
Fu,Millex,300,37.11290108,14,Fu_7_14_III_Millex,4
Fu,Millex,300,38.039086189999999,14,Fu_7_14_III_Millex,5
Fu,Millex,300,33.512641680000002,14,Fu_7_14_IV_Millex,1
Fu,Millex,300,33.348933709999997,14,Fu_7_14_IV_Millex,2
Fu,Millex,300,33.341024679999997,14,Fu_7_14_IV_Millex,3
Fu,Millex,300,33.441819840000001,14,Fu_7_14_IV_Millex,4
Fu,Millex,300,33.434050829999997,14,Fu_7_14_IV_Millex,5
Fu,Millex,300,33.046674619999997,14,Fu_7_21_III_Millex,1
Fu,Millex,300,33.042488659999997,14,Fu_7_21_III_Millex,2
Fu,Millex,300,32.282532660000001,14,Fu_7_21_III_Millex,3
Fu,Millex,300,32.557712279999997,14,Fu_7_21_III_Millex,4
Fu,Millex,300,32.612666169999997,14,Fu_7_21_III_Millex,5
Fu,Millex,300,30.021285769999999,14,Fu_7_21_IV_Millex,1
Fu,Millex,300,29.946392620000001,14,Fu_7_21_IV_Millex,2
Fu,Millex,300,30.204388819999998,14,Fu_7_21_IV_Millex,3
Fu,Millex,300,30.083459059999999,14,Fu_7_21_IV_Millex,4
Fu,Millex,300,30.137992069999999,14,Fu_7_21_IV_Millex,5
Fu,Millex,300,35.448997460000001,15,Fu_7_27_III_Millex,1
Fu,Millex,300,35.231018640000002,15,Fu_7_27_III_Millex,2
Fu,Millex,300,35.256230129999999,15,Fu_7_27_III_Millex,3
Fu,Millex,300,35.34876611,15,Fu_7_27_III_Millex,4
Fu,Millex,300,35.274683240000002,15,Fu_7_27_IV_Millex,1
Fu,Millex,300,34.972027009999998,15,Fu_7_27_IV_Millex,2
Fu,Millex,300,35.196997199999998,15,Fu_7_27_IV_Millex,3
Fu,Millex,300,35.044675159999997,15,Fu_7_27_IV_Millex,4
Fu,Millex,300,34.715310129999999,15,Fu_7_27_IV_Millex,5
Wi RON,Millex,300,NA,15,Wi RON_6_30_I_Millex,1
Wi RON,Millex,300,NA,15,Wi RON_6_30_I_Millex,2
Wi RON,Millex,300,NA,15,Wi RON_6_30_I_Millex,3
Wi RON,Millex,300,NA,15,Wi RON_6_30_I_Millex,4
Wi RON,Millex,300,NA,15,Wi RON_6_30_I_Millex,5
Wi RON,Millex,300,NA,15,Wi RON_6_30_II_Millex,1
Wi RON,Millex,300,NA,15,Wi RON_6_30_II_Millex,2
Wi RON,Millex,300,NA,15,Wi RON_6_30_II_Millex,3
Wi RON,Millex,300,NA,15,Wi RON_6_30_II_Millex,4
Wi RON,Millex,300,NA,15,Wi RON_6_30_II_Millex,5
Wi RON,Millex,300,NA,15,Wi RON_7_7_I_Millex,1
Wi RON,Millex,300,NA,15,Wi RON_7_7_I_Millex,2
Wi RON,Millex,300,NA,15,Wi RON_7_7_I_Millex,3
Wi RON,Millex,300,NA,15,Wi RON_7_7_I_Millex,4
Wi RON,Millex,300,NA,15,Wi RON_7_7_I_Millex,5
Wi RON,Millex,300,NA,15,Wi RON_7_7_II_Millex,1
Wi RON,Millex,300,NA,15,Wi RON_7_7_II_Millex,2
Wi RON,Millex,300,NA,15,Wi RON_7_7_II_Millex,3
Wi RON,Millex,300,NA,15,Wi RON_7_7_II_Millex,4
Wi RON,Millex,300,NA,15,Wi RON_7_7_II_Millex,5
Wi RON,Millex,300,32.73531955,15,Wi RON_7_14_III_Millex,1
Wi RON,Millex,300,33.11319709,15,Wi RON_7_14_III_Millex,2
Wi RON,Millex,300,33.141672550000003,15,Wi RON_7_14_III_Millex,3
Wi RON,Millex,300,32.882787870000001,15,Wi RON_7_14_III_Millex,4
Wi RON,Millex,300,32.852436050000001,15,Wi RON_7_14_III_Millex,5
Wi RON,Millex,300,NA,16,Wi RON_7_14_IV_Millex,1
Wi RON,Millex,300,NA,16,Wi RON_7_14_IV_Millex,2
Wi RON,Millex,300,NA,16,Wi RON_7_14_IV_Millex,3
Wi RON,Millex,300,NA,16,Wi RON_7_14_IV_Millex,4
Wi RON,Millex,300,NA,16,Wi RON_7_14_IV_Millex,5
Wi RON,Millex,300,NA,16,Wi RON_7_21_III_Millex,1
Wi RON,Millex,300,NA,16,Wi RON_7_21_III_Millex,2
Wi RON,Millex,300,NA,16,Wi RON_7_21_III_Millex,3
Wi RON,Millex,300,NA,16,Wi RON_7_21_III_Millex,4
Wi RON,Millex,300,48.444310680000001,16,Wi RON_7_21_III_Millex,5
Wi RON,Millex,300,NA,16,Wi RON_7_21_IV_Millex,1
Wi RON,Millex,300,NA,16,Wi RON_7_21_IV_Millex,2
Wi RON,Millex,300,NA,16,Wi RON_7_21_IV_Millex,3
Wi RON,Millex,300,NA,16,Wi RON_7_21_IV_Millex,4
Wi RON,Millex,300,NA,16,Wi RON_7_21_IV_Millex,5
Wi RON,Millex,300,NA,16,Wi RON_7_27_III_Millex,1
Wi RON,Millex,300,NA,16,Wi RON_7_27_III_Millex,2
Wi RON,Millex,300,NA,16,Wi RON_7_27_III_Millex,3
Wi RON,Millex,300,NA,16,Wi RON_7_27_III_Millex,4
Wi RON,Millex,300,NA,16,Wi RON_7_27_III_Millex,5
Wi RON,Millex,300,32.123573759999999,16,Wi RON_7_27_IV_Millex,1
Wi RON,Millex,300,32.009599899999998,16,Wi RON_7_27_IV_Millex,2
Wi RON,Millex,300,32.142286419999998,16,Wi RON_7_27_IV_Millex,3
Wi RON,Millex,300,32.203764980000003,16,Wi RON_7_27_IV_Millex,4
Wi RON,Millex,300,32.177604799999997,16,Wi RON_7_27_IV_Millex,5
Wi ROT,Millex,300,35.084695660000001,16,Wi ROT_6_30_I_Millex,1
Wi ROT,Millex,300,37.239457049999999,16,Wi ROT_6_30_I_Millex,2
Wi ROT,Millex,300,34.772096320000003,16,Wi ROT_6_30_I_Millex,3
Wi ROT,Millex,300,36.310393750000003,16,Wi ROT_6_30_I_Millex,4
Wi ROT,Millex,300,36.303222040000001,16,Wi ROT_6_30_I_Millex,5
Wi ROT,Millex,300,NA,16,Wi ROT_6_30_II_Millex,1
Wi ROT,Millex,300,NA,16,Wi ROT_6_30_II_Millex,2
Wi ROT,Millex,300,NA,16,Wi ROT_6_30_II_Millex,3
Wi ROT,Millex,300,NA,16,Wi ROT_6_30_II_Millex,4
Wi ROT,Millex,300,NA,16,Wi ROT_6_30_II_Millex,5
Wi ROT,Millex,300,NA,17,Wi ROT_7_7_I_Millex,1
Wi ROT,Millex,300,NA,17,Wi ROT_7_7_I_Millex,2
Wi ROT,Millex,300,NA,17,Wi ROT_7_7_I_Millex,3
Wi ROT,Millex,300,NA,17,Wi ROT_7_7_I_Millex,4
Wi ROT,Millex,300,NA,17,Wi ROT_7_7_I_Millex,5
Wi ROT,Millex,300,38.925905440000001,17,Wi ROT_7_7_II_Millex,1
Wi ROT,Millex,300,NA,17,Wi ROT_7_7_II_Millex,2
Wi ROT,Millex,300,NA,17,Wi ROT_7_7_II_Millex,3
Wi ROT,Millex,300,NA,17,Wi ROT_7_7_II_Millex,4
Wi ROT,Millex,300,NA,17,Wi ROT_7_7_II_Millex,5
Wi ROT,Millex,300,NA,17,Wi ROT_7_14_III_Millex,1
Wi ROT,Millex,300,NA,17,Wi ROT_7_14_III_Millex,2
Wi ROT,Millex,300,NA,17,Wi ROT_7_14_III_Millex,3
Wi ROT,Millex,300,NA,17,Wi ROT_7_14_III_Millex,4
Wi ROT,Millex,300,NA,17,Wi ROT_7_14_III_Millex,5
Wi ROT,Millex,300,33.076655950000003,17,Wi ROT_7_14_IV_Millex,1
Wi ROT,Millex,300,32.909807260000001,17,Wi ROT_7_14_IV_Millex,2
Wi ROT,Millex,300,33.437603490000001,17,Wi ROT_7_14_IV_Millex,3
Wi ROT,Millex,300,33.060498389999999,17,Wi ROT_7_14_IV_Millex,4
Wi ROT,Millex,300,32.764141500000001,17,Wi ROT_7_14_IV_Millex,5
Wi ROT,Millex,300,32.291587929999999,17,Wi ROT_7_21_III_Millex,1
Wi ROT,Millex,300,32.633758669999999,17,Wi ROT_7_21_III_Millex,2
Wi ROT,Millex,300,32.689726210000003,17,Wi ROT_7_21_III_Millex,3
Wi ROT,Millex,300,32.609026409999998,17,Wi ROT_7_21_III_Millex,4
Wi ROT,Millex,300,32.49160543,17,Wi ROT_7_21_III_Millex,5
Wi ROT,Millex,300,NA,17,Wi ROT_7_21_IV_Millex,1
Wi ROT,Millex,300,NA,17,Wi ROT_7_21_IV_Millex,2
Wi ROT,Millex,300,NA,17,Wi ROT_7_21_IV_Millex,3
Wi ROT,Millex,300,NA,17,Wi ROT_7_21_IV_Millex,4
Wi ROT,Millex,300,48.620788670000003,17,Wi ROT_7_21_IV_Millex,5
Wi ROT,Millex,300,33.129522520000002,17,Wi ROT_7_27_III_Millex,1
Wi ROT,Millex,300,33.326748160000001,17,Wi ROT_7_27_III_Millex,2
Wi ROT,Millex,300,32.888310769999997,17,Wi ROT_7_27_III_Millex,3
Wi ROT,Millex,300,33.667651489999997,17,Wi ROT_7_27_III_Millex,4
Wi ROT,Millex,300,33.203987859999998,17,Wi ROT_7_27_III_Millex,5
Wi ROT,Millex,300,34.56148065,18,Wi ROT_7_27_IV_Millex,1
Wi ROT,Millex,300,35.397216870000001,18,Wi ROT_7_27_IV_Millex,2
Wi ROT,Millex,300,35.863713189999999,18,Wi ROT_7_27_IV_Millex,3
Wi ROT,Millex,300,34.911059600000002,18,Wi ROT_7_27_IV_Millex,4
Wi ROT,Millex,300,35.074695349999999,18,Wi ROT_7_27_IV_Millex,5
AA,Sterivex,300,NA,1,AA I_1,1
AA,Sterivex,300,NA,1,AA I_1,2
AA,Sterivex,300,NA,1,AA II_1,1
AA,Sterivex,300,NA,1,AA II_1,2
AA,Sterivex,300,NA,1,AA II_1,3
AA,Sterivex,300,NA,1,AA II_1,4
AA,Sterivex,300,NA,1,AA II_1,5
AA,Sterivex,300,33.011328890000001,1,AA I_2,1
AA,Sterivex,300,33.033741460000002,1,AA I_2,2
AA,Sterivex,300,33.504261649999997,1,AA I_2,3
AA,Sterivex,300,33.255010710000001,1,AA I_2,4
AA,Sterivex,300,NA,1,AA II_2,1
AA,Sterivex,300,NA,1,AA II_2,2
AA,Sterivex,300,NA,1,AA II_2,3
AA,Sterivex,300,NA,1,AA II_2,4
AA,Sterivex,300,NA,1,AA II_2,5
AA,Sterivex,300,32.404425500000002,1,AA I_3,1
AA,Sterivex,300,32.969721020000001,1,AA I_3,2
AA,Sterivex,300,32.443937949999999,1,AA I_3,3
AA,Sterivex,300,32.245576800000002,1,AA I_3,4
AA,Sterivex,300,33.104755529999998,1,AA I_3,5
AA,Sterivex,300,NA,1,AA II_3,1
AA,Sterivex,300,NA,1,AA II_3,2
AA,Sterivex,300,NA,1,AA II_3,3
AA,Sterivex,300,NA,1,AA II_3,4
AA,Sterivex,300,NA,1,AA II_3,5
AA,Sterivex,300,NA,1,AA I_4,1
AA,Sterivex,300,NA,1,AA I_4,2
AA,Sterivex,300,NA,1,AA I_4,3
AA,Sterivex,300,NA,1,AA I_4,4
AA,Sterivex,300,NA,1,AA I_4,5
AA,Sterivex,300,NA,2,AA II_4,1
AA,Sterivex,300,NA,2,AA II_4,2
AA,Sterivex,300,NA,2,AA II_4,3
AA,Sterivex,300,NA,2,AA II_4,4
AA,Sterivex,300,NA,2,AA II_4,5
AA,Sterivex,600,34.211714790000002,2,AA V_1,1
AA,Sterivex,600,34.766664810000002,2,AA V_1,2
AA,Sterivex,600,33.784039649999997,2,AA V_1,3
AA,Sterivex,600,34.106168400000001,2,AA V_1,4
AA,Sterivex,600,34.18447192,2,AA V_1,5
AA,Sterivex,600,33.264781640000002,2,AA VI_1,1
AA,Sterivex,600,32.899374260000002,2,AA VI_1,2
AA,Sterivex,600,32.424619020000002,2,AA VI_1,3
AA,Sterivex,600,32.877364620000002,2,AA VI_1,4
AA,Sterivex,600,33.019623090000003,2,AA VI_1,5
Ly,Sterivex,300,37.845159750000001,2,Ly I_1,1
Ly,Sterivex,300,38.94361069,2,Ly I_1,2
Ly,Sterivex,300,38.346310150000001,2,Ly I_1,3
Ly,Sterivex,300,NA,2,Ly II_1,1
Ly,Sterivex,300,NA,2,Ly II_1,2
Ly,Sterivex,300,NA,2,Ly II_1,3
Ly,Sterivex,300,NA,2,Ly II_1,4
Ly,Sterivex,300,NA,2,Ly II_1,5
Ly,Sterivex,300,NA,2,Ly I_2,1
Ly,Sterivex,300,37.221860229999997,2,Ly I_2,2
Ly,Sterivex,300,38.93037563,2,Ly I_2,3
Ly,Sterivex,300,37.891709290000001,2,Ly I_2,4
Ly,Sterivex,300,37.448055709999998,2,Ly I_2,5
Ly,Sterivex,300,NA,2,Ly II_2,1
Ly,Sterivex,300,NA,2,Ly II_2,2
Ly,Sterivex,300,NA,2,Ly II_2,3
Ly,Sterivex,300,NA,2,Ly II_2,4
Ly,Sterivex,300,NA,2,Ly II_2,5
Ly,Sterivex,300,32.169789049999999,3,Ly I_3,1
Ly,Sterivex,300,32.364865100000003,3,Ly I_3,2
Ly,Sterivex,300,32.323619119999996,3,Ly I_3,3
Ly,Sterivex,300,32.518916660000002,3,Ly I_3,4
Ly,Sterivex,300,32.205053659999997,3,Ly I_3,5
Ly,Sterivex,300,37.467339189999997,3,Ly II_3,1
Ly,Sterivex,300,38.102536780000001,3,Ly II_3,2
Ly,Sterivex,300,37.861899559999998,3,Ly II_3,3
Ly,Sterivex,300,36.869454470000001,3,Ly II_3,4
Ly,Sterivex,300,36.57023804,3,Ly II_3,5
Ly,Sterivex,300,NA,3,Ly I_4,1
Ly,Sterivex,300,NA,3,Ly I_4,2
Ly,Sterivex,300,NA,3,Ly I_4,3
Ly,Sterivex,300,NA,3,Ly I_4,4
Ly,Sterivex,300,NA,3,Ly I_4,5
Ly,Sterivex,300,NA,3,Ly II_4,1
Ly,Sterivex,300,NA,3,Ly II_4,2
Ly,Sterivex,300,NA,3,Ly II_4,3
Ly,Sterivex,300,NA,3,Ly II_4,4
Ly,Sterivex,300,NA,3,Ly II_4,5
Ly,Sterivex,600,33.052619380000003,3,Ly V_1,1
Ly,Sterivex,600,32.583043340000003,3,Ly V_1,2
Ly,Sterivex,600,32.746529959999997,3,Ly V_1,3
Ly,Sterivex,600,32.608096019999998,3,Ly V_1,4
Ly,Sterivex,600,33.075727479999998,3,Ly V_1,5
Ly,Sterivex,600,33.498976310000003,3,Ly VI_1,1
Ly,Sterivex,600,32.978841699999997,3,Ly VI_1,2
Ly,Sterivex,600,33.336976460000002,3,Ly VI_1,3
Ly,Sterivex,600,33.176372190000002,3,Ly VI_1,4
Ly,Sterivex,600,33.277422430000001,3,Ly VI_1,5
U,Sterivex,300,NA,3,U I_1,1
U,Sterivex,300,NA,3,U I_1,2
U,Sterivex,300,NA,3,U I_1,3
U,Sterivex,300,NA,4,U II_1,1
U,Sterivex,300,NA,4,U II_1,2
U,Sterivex,300,NA,4,U II_1,3
U,Sterivex,300,NA,4,U II_1,4
U,Sterivex,300,NA,4,U II_1,5
U,Sterivex,300,32.87910042,4,U I_2,1
U,Sterivex,300,33.072169639999998,4,U I_2,2
U,Sterivex,300,33.06415423,4,U I_2,3
U,Sterivex,300,33.232140020000003,4,U I_2,4
U,Sterivex,300,32.937379790000001,4,U I_2,5
U,Sterivex,300,31.41796566,4,U II_2,1
U,Sterivex,300,31.51173232,4,U II_2,2
U,Sterivex,300,31.473181069999999,4,U II_2,3
U,Sterivex,300,31.188586659999999,4,U II_2,4
U,Sterivex,300,32.487586229999998,4,U I_3,1
U,Sterivex,300,33.111386359999997,4,U I_3,2
U,Sterivex,300,33.02770581,4,U I_3,3
U,Sterivex,300,32.65586631,4,U I_3,4
U,Sterivex,300,32.753150720000001,4,U I_3,5
U,Sterivex,300,NA,4,U II_3,1
U,Sterivex,300,NA,4,U II_3,2
U,Sterivex,300,NA,4,U II_3,3
U,Sterivex,300,NA,4,U II_3,4
U,Sterivex,300,NA,4,U II_3,5
U,Sterivex,300,NA,4,U I_4,1
U,Sterivex,300,NA,4,U I_4,2
U,Sterivex,300,NA,4,U I_4,3
U,Sterivex,300,NA,4,U I_4,4
U,Sterivex,300,NA,4,U I_4,5
U,Sterivex,300,NA,4,U II_4,1
U,Sterivex,300,NA,4,U II_4,2
U,Sterivex,300,NA,4,U II_4,3
U,Sterivex,300,NA,4,U II_4,4
U,Sterivex,300,NA,4,U II_4,5
U,Sterivex,600,32.152544329999998,5,U V_1,1
U,Sterivex,600,32.401082690000003,5,U V_1,2
U,Sterivex,600,31.957576110000002,5,U V_1,3
U,Sterivex,600,32.271708760000003,5,U V_1,4
U,Sterivex,600,32.552391970000002,5,U V_1,5
U,Sterivex,600,NA,5,U VI_1,1
U,Sterivex,600,NA,5,U VI_1,2
U,Sterivex,600,NA,5,U VI_1,3
U,Sterivex,600,NA,5,U VI_1,4
U,Sterivex,600,37.341629640000001,5,U VI_1,5
Fu,Sterivex,300,29.493394240000001,5,Fu I_1,1
Fu,Sterivex,300,29.703705240000001,5,Fu I_1,2
Fu,Sterivex,300,34.593529770000004,5,Fu II_1,1
Fu,Sterivex,300,34.739481240000003,5,Fu II_1,2
Fu,Sterivex,300,35.285930659999998,5,Fu II_1,3
Fu,Sterivex,300,40.316371490000002,5,Fu I_2,1
Fu,Sterivex,300,39.964857299999998,5,Fu I_2,2
Fu,Sterivex,300,41.064862169999998,5,Fu I_2,3
Fu,Sterivex,300,42.126121750000003,5,Fu I_2,4
Fu,Sterivex,300,38.315528919999998,5,Fu II_2,1
Fu,Sterivex,300,40.942430250000001,5,Fu II_2,2
Fu,Sterivex,300,40.416736610000001,5,Fu II_2,3
Fu,Sterivex,300,40.49654743,5,Fu II_2,4
Fu,Sterivex,300,42.130709840000002,5,Fu II_2,5
Fu,Sterivex,300,40.66079715,5,Fu I_3,1
Fu,Sterivex,300,NA,5,Fu I_3,2
Fu,Sterivex,300,45.249678600000003,5,Fu I_3,3
Fu,Sterivex,300,44.541152619999998,5,Fu I_3,4
Fu,Sterivex,300,48.605638999999996,5,Fu I_3,5
Fu,Sterivex,300,46.34164148,6,Fu II_3,1
Fu,Sterivex,300,44.449734630000002,6,Fu II_3,2
Fu,Sterivex,300,42.590534079999998,6,Fu II_3,3
Fu,Sterivex,300,44.273583790000004,6,Fu II_3,4
Fu,Sterivex,300,45.567809269999998,6,Fu II_3,5
Fu,Sterivex,300,34.135073800000001,6,Fu I_4,1
Fu,Sterivex,300,34.080458790000002,6,Fu I_4,2
Fu,Sterivex,300,33.40305008,6,Fu I_4,3
Fu,Sterivex,300,33.899134689999997,6,Fu I_4,4
Fu,Sterivex,300,33.45659173,6,Fu I_4,5
Fu,Sterivex,300,32.2966129,6,Fu II_4,1
Fu,Sterivex,300,32.303640590000001,6,Fu II_4,2
Fu,Sterivex,300,32.532506390000002,6,Fu II_4,3
Fu,Sterivex,300,32.910247720000001,6,Fu II_4,4
Fu,Sterivex,300,32.420924560000003,6,Fu II_4,5
Fu,Sterivex,600,30.681455190000001,6,Fu V_1,1
Fu,Sterivex,600,31.073384010000002,6,Fu V_1,2
Fu,Sterivex,600,30.98318154,6,Fu V_1,3
Fu,Sterivex,600,30.747573559999999,6,Fu V_1,4
Fu,Sterivex,600,30.857400980000001,6,Fu V_1,5
Fu,Sterivex,600,33.108993849999997,6,Fu VI_1,1
Fu,Sterivex,600,32.92700086,6,Fu VI_1,2
Fu,Sterivex,600,33.331087420000003,6,Fu VI_1,3
Fu,Sterivex,600,33.103862990000003,6,Fu VI_1,4
Fu,Sterivex,600,33.362044480000002,6,Fu VI_1,5
Wi RON,Sterivex,300,NA,6,Wi RON I_1,1
Wi RON,Sterivex,300,NA,6,Wi RON I_1,2
Wi RON,Sterivex,300,NA,6,Wi RON II_1,1
Wi RON,Sterivex,300,NA,6,Wi RON II_1,2
Wi RON,Sterivex,300,NA,6,Wi RON II_1,3
Wi RON,Sterivex,300,NA,6,Wi RON II_1,4
Wi RON,Sterivex,300,NA,6,Wi RON II_1,5
Wi RON,Sterivex,300,NA,7,Wi RON I_2,1
Wi RON,Sterivex,300,NA,7,Wi RON I_2,2
Wi RON,Sterivex,300,NA,7,Wi RON I_2,3
Wi RON,Sterivex,300,NA,7,Wi RON I_2,4
Wi RON,Sterivex,300,NA,7,Wi RON I_2,5
Wi RON,Sterivex,300,NA,7,Wi RON II_2,1
Wi RON,Sterivex,300,NA,7,Wi RON II_2,2
Wi RON,Sterivex,300,NA,7,Wi RON II_2,3
Wi RON,Sterivex,300,NA,7,Wi RON I_3,1
Wi RON,Sterivex,300,NA,7,Wi RON I_3,2
Wi RON,Sterivex,300,NA,7,Wi RON I_3,3
Wi RON,Sterivex,300,NA,7,Wi RON I_3,4
Wi RON,Sterivex,300,NA,7,Wi RON I_3,5
Wi RON,Sterivex,300,35.534280520000003,7,Wi RON II_3,1
Wi RON,Sterivex,300,36.193382210000003,7,Wi RON II_3,2
Wi RON,Sterivex,300,36.59287123,7,Wi RON II_3,3
Wi RON,Sterivex,300,36.248868520000002,7,Wi RON II_3,4
Wi RON,Sterivex,300,38.119465769999998,7,Wi RON II_3,5
Wi RON,Sterivex,300,NA,7,Wi RON I_4,1
Wi RON,Sterivex,300,NA,7,Wi RON I_4,2
Wi RON,Sterivex,300,NA,7,Wi RON I_4,3
Wi RON,Sterivex,300,NA,7,Wi RON I_4,4
Wi RON,Sterivex,300,NA,7,Wi RON I_4,5
Wi RON,Sterivex,300,NA,7,Wi RON II_4,1
Wi RON,Sterivex,300,NA,7,Wi RON II_4,2
Wi RON,Sterivex,300,NA,7,Wi RON II_4,3
Wi RON,Sterivex,300,NA,7,Wi RON II_4,4
Wi RON,Sterivex,300,NA,7,Wi RON II_4,5
Wi RON,Sterivex,600,NA,7,Wi RON V_1,1
Wi RON,Sterivex,600,NA,7,Wi RON V_1,2
Wi RON,Sterivex,600,NA,7,Wi RON V_1,3
Wi RON,Sterivex,600,NA,7,Wi RON V_1,4
Wi RON,Sterivex,600,NA,7,Wi RON V_1,5
Wi RON,Sterivex,600,NA,8,Wi RON VI_1,1
Wi RON,Sterivex,600,NA,8,Wi RON VI_1,2
Wi RON,Sterivex,600,NA,8,Wi RON VI_1,3
Wi RON,Sterivex,600,NA,8,Wi RON VI_1,4
Wi RON,Sterivex,600,NA,8,Wi RON VI_1,5
Wi ROT,Sterivex,300,34.328117339999999,8,Wi ROT I_1,1
Wi ROT,Sterivex,300,34.491679480000002,8,Wi ROT II_1,1
Wi ROT,Sterivex,300,33.756491799999999,8,Wi ROT II_1,2
Wi ROT,Sterivex,300,34.014557979999999,8,Wi ROT II_1,3
Wi ROT,Sterivex,300,33.90597073,8,Wi ROT II_1,4
Wi ROT,Sterivex,300,NA,8,Wi ROT I_2,1
Wi ROT,Sterivex,300,NA,8,Wi ROT I_2,2
Wi ROT,Sterivex,300,NA,8,Wi ROT I_2,3
Wi ROT,Sterivex,300,NA,8,Wi ROT I_2,4
Wi ROT,Sterivex,300,NA,8,Wi ROT I_2,5
Wi ROT,Sterivex,300,NA,8,Wi ROT II_2,1
Wi ROT,Sterivex,300,NA,8,Wi ROT II_2,2
Wi ROT,Sterivex,300,NA,8,Wi ROT II_2,3
Wi ROT,Sterivex,300,NA,8,Wi ROT II_2,4
Wi ROT,Sterivex,300,NA,8,Wi ROT II_2,5
Wi ROT,Sterivex,300,36.074824769999999,8,Wi ROT I_3,1
Wi ROT,Sterivex,300,35.265287890000003,8,Wi ROT I_3,2
Wi ROT,Sterivex,300,37.16943938,8,Wi ROT I_3,3
Wi ROT,Sterivex,300,35.816370630000002,8,Wi ROT I_3,4
Wi ROT,Sterivex,300,35.61254271,8,Wi ROT II_3,1
Wi ROT,Sterivex,300,37.909691420000001,8,Wi ROT II_3,2
Wi ROT,Sterivex,300,35.78136611,8,Wi ROT II_3,3
Wi ROT,Sterivex,300,35.576136849999997,8,Wi ROT II_3,4
Wi ROT,Sterivex,300,36.481673020000002,8,Wi ROT II_3,5
Wi ROT,Sterivex,300,NA,9,Wi ROT I_4,1
Wi ROT,Sterivex,300,NA,9,Wi ROT I_4,2
Wi ROT,Sterivex,300,NA,9,Wi ROT I_4,3
Wi ROT,Sterivex,300,NA,9,Wi ROT I_4,4
Wi ROT,Sterivex,300,NA,9,Wi ROT I_4,5
Wi ROT,Sterivex,300,NA,9,Wi ROT II_4,1
Wi ROT,Sterivex,300,NA,9,Wi ROT II_4,2
Wi ROT,Sterivex,300,NA,9,Wi ROT II_4,3
Wi ROT,Sterivex,300,NA,9,Wi ROT II_4,4
Wi ROT,Sterivex,300,NA,9,Wi ROT II_4,5
Wi ROT,Sterivex,600,37.350469949999997,9,Wi ROT V_1,1
Wi ROT,Sterivex,600,38.352369189999997,9,Wi ROT V_1,2
Wi ROT,Sterivex,600,36.627973709999999,9,Wi ROT V_1,3
Wi ROT,Sterivex,600,36.618229479999997,9,Wi ROT V_1,4
Wi ROT,Sterivex,600,36.227554640000001,9,Wi ROT V_1,5
Wi ROT,Sterivex,600,34.099821730000002,9,Wi ROT VI_1,1
Wi ROT,Sterivex,600,33.899960659999998,9,Wi ROT VI_1,2
Wi ROT,Sterivex,600,34.369132829999998,9,Wi ROT VI_1,3
Wi ROT,Sterivex,600,34.28409808,9,Wi ROT VI_1,4
Wi ROT,Sterivex,600,33.704552589999999,9,Wi ROT VI_1,5
NA,NA,NA,24.449776069999999,1,1000 copies/ul,NA
NA,NA,NA,24.537263630000002,1,1000 copies/ul,NA
NA,NA,NA,28.157582529999999,1,100 copies/ul,NA
NA,NA,NA,27.942521249999999,1,100 copies/ul,NA
NA,NA,NA,31.393798990000001,1,10 copies/ul,NA
NA,NA,NA,31.445412869999998,1,10 copies/ul,NA
NA,NA,NA,35.574857600000001,1,1 copy/ul,NA
NA,NA,NA,33.997712790000001,1,1 copy/ul,NA
NA,NA,NA,24.532931949999998,2,1000 copies/ul,NA
NA,NA,NA,24.6187957,2,1000 copies/ul,NA
NA,NA,NA,28.024579330000002,2,100 copies/ul,NA
NA,NA,NA,27.922933409999999,2,100 copies/ul,NA
NA,NA,NA,31.276971639999999,2,10 copies/ul,NA
NA,NA,NA,31.427682189999999,2,10 copies/ul,NA
NA,NA,NA,35.070419299999998,2,1 copy/ul,NA
NA,NA,NA,34.962662729999998,2,1 copy/ul,NA
NA,NA,NA,24.454736990000001,3,1000 copies/ul,NA
NA,NA,NA,24.590641389999998,3,1000 copies/ul,NA
NA,NA,NA,28.07393695,3,100 copies/ul,NA
NA,NA,NA,27.9974053,3,100 copies/ul,NA
NA,NA,NA,31.325146499999999,3,10 copies/ul,NA
NA,NA,NA,31.436439159999999,3,10 copies/ul,NA
NA,NA,NA,34.500899850000003,3,1 copies/ul,NA
NA,NA,NA,35.128046500000004,3,1 copies/ul,NA
NA,NA,NA,24.557744280000001,4,1000 copies/ul,NA
NA,NA,NA,24.839512410000001,4,1000 copies/ul,NA
NA,NA,NA,28.159279000000002,4,100 copies/ul,NA
NA,NA,NA,28.094843709999999,4,100 copies/ul,NA
NA,NA,NA,31.454468299999998,4,10 copies/ul,NA
NA,NA,NA,31.482790210000001,4,10 copies/ul,NA
NA,NA,NA,35.23473319,4,1 copies/ul,NA
NA,NA,NA,35.138673390000001,4,1 copies/ul,NA
NA,NA,NA,23.54822424,5,1000 copies/ul,NA
NA,NA,NA,23.530289310000001,5,1000 copies/ul,NA
NA,NA,NA,27.14412081,5,100 copies/ul,NA
NA,NA,NA,27.289182690000001,5,100 copies/ul,NA
NA,NA,NA,30.311869349999998,5,10 copies/ul,NA
NA,NA,NA,30.52309782,5,10 copies/ul,NA
NA,NA,NA,33.524282669999998,5,1 copies/ul,NA
NA,NA,NA,33.826437669999997,5,1 copies/ul,NA
NA,NA,NA,24.398793380000001,6,1000 copies/ul,NA
NA,NA,NA,24.451890880000001,6,1000 copies/ul,NA
NA,NA,NA,27.726449559999999,6,100 copies/ul,NA
NA,NA,NA,27.789092119999999,6,100 copies/ul,NA
NA,NA,NA,31.13220205,6,10 copies/ul,NA
NA,NA,NA,31.195954010000001,6,10 copies/ul,NA
NA,NA,NA,34.403282590000003,6,1 copies/ul,NA
NA,NA,NA,34.085052740000002,6,1 copies/ul,NA
NA,NA,NA,24.461794449999999,7,1000 copies/ul,NA
NA,NA,NA,24.76876004,7,1000 copies/ul,NA
NA,NA,NA,28.039097099999999,7,100 copies/ul,NA
NA,NA,NA,27.93677323,7,100 copies/ul,NA
NA,NA,NA,31.283379750000002,7,10 copies/ul,NA
NA,NA,NA,31.296543360000001,7,10 copies/ul,NA
NA,NA,NA,35.382739010000002,7,1 copies/ul,NA
NA,NA,NA,34.545872809999999,7,1 copies/ul,NA
NA,NA,NA,24.537586009999998,8,1000 copies/ul,NA
NA,NA,NA,24.675819740000001,8,1000 copies/ul,NA
NA,NA,NA,28.45044579,8,100 copies/ul,NA
NA,NA,NA,28.420466449999999,8,100 copies/ul,NA
NA,NA,NA,31.35329561,8,10 copies/ul,NA
NA,NA,NA,31.415183379999998,8,10 copies/ul,NA
NA,NA,NA,34.823397149999998,8,1 copies/ul,NA
NA,NA,NA,34.93510423,8,1 copies/ul,NA
NA,NA,NA,24.54862992,9,1000 copies/ul,NA
NA,NA,NA,24.901661910000001,9,1000 copies/ul,NA
NA,NA,NA,28.24226444,9,100 copies/ul,NA
NA,NA,NA,28.204721960000001,9,100 copies/ul,NA
NA,NA,NA,31.29451744,9,10 copies/ul,NA
NA,NA,NA,31.50091067,9,10 copies/ul,NA
NA,NA,NA,35.061379760000001,9,1 copies/ul,NA
NA,NA,NA,35.398011050000001,9,1 copies/ul,NA
NA,NA,NA,24.338116629999998,10,1000 copies/ul,NA
NA,NA,NA,24.420637500000002,10,1000 copies/ul,NA
NA,NA,NA,28.035406869999999,10,100 copies/ul,NA
NA,NA,NA,28.012923499999999,10,100 copies/ul,NA
NA,NA,NA,31.04770272,10,10 copies/ul,NA
NA,NA,NA,31.09651371,10,10 copies/ul,NA
NA,NA,NA,34.533911340000003,10,1 copies/ul,NA
NA,NA,NA,34.458693289999999,10,1 copies/ul,NA
NA,NA,NA,24.57072617,11,1000 copies/ul,NA
NA,NA,NA,24.664554469999999,11,1000 copies/ul,NA
NA,NA,NA,28.15174361,11,100 copies/ul,NA
NA,NA,NA,28.14992341,11,100 copies/ul,NA
NA,NA,NA,31.253985790000002,11,10 copies/ul,NA
NA,NA,NA,31.36138133,11,10 copies/ul,NA
NA,NA,NA,35.044867420000003,11,1 copies/ul,NA
NA,NA,NA,34.913518430000003,11,1 copies/ul,NA
NA,NA,NA,24.504091630000001,12,1000 copies/ul,NA
NA,NA,NA,24.69405901,12,1000 copies/ul,NA
NA,NA,NA,28.11005729,12,100 copies/ul,NA
NA,NA,NA,28.113983130000001,12,100 copies/ul,NA
NA,NA,NA,31.408456619999999,12,10 copies/ul,NA
NA,NA,NA,31.229884460000001,12,10 copies/ul,NA
NA,NA,NA,35.13450564,12,1 copies/ul,NA
NA,NA,NA,35.099879360000003,12,1 copies/ul,NA
NA,NA,NA,24.29390145,13,1000 copies/ul,NA
NA,NA,NA,24.20768232,13,1000 copies/ul,NA
NA,NA,NA,27.861135279999999,13,100 copies/ul,NA
NA,NA,NA,27.746491110000001,13,100 copies/ul,NA
NA,NA,NA,31.179243509999999,13,10 copies/ul,NA
NA,NA,NA,31.260461930000002,13,10 copies/ul,NA
NA,NA,NA,34.556146830000003,13,1 copies/ul,NA
NA,NA,NA,34.55318561,13,1 copies/ul,NA
NA,NA,NA,24.34851999,14,1000 copies/ul,NA
NA,NA,NA,24.548114309999999,14,1000 copies/ul,NA
NA,NA,NA,28.074850359999999,14,100 copies/ul,NA
NA,NA,NA,27.96292832,14,100 copies/ul,NA
NA,NA,NA,31.22774794,14,10 copies/ul,NA
NA,NA,NA,31.405456829999999,14,10 copies/ul,NA
NA,NA,NA,34.361545649999996,14,1 copies/ul,NA
NA,NA,NA,34.46430136,14,1 copies/ul,NA
NA,NA,NA,24.481195540000002,15,1000 copies/ul,NA
NA,NA,NA,24.536621230000002,15,1000 copies/ul,NA
NA,NA,NA,28.15910701,15,100 copies/ul,NA
NA,NA,NA,28.150739699999999,15,100 copies/ul,NA
NA,NA,NA,31.216747210000001,15,10 copies/ul,NA
NA,NA,NA,31.14927552,15,10 copies/ul,NA
NA,NA,NA,34.411686690000003,15,1 copies/ul,NA
NA,NA,NA,34.476001320000002,15,1 copies/ul,NA
NA,NA,NA,24.40781771,16,1000 copies/ul,NA
NA,NA,NA,24.49038423,16,1000 copies/ul,NA
NA,NA,NA,28.052258510000001,16,100 copies/ul,NA
NA,NA,NA,28.030298720000001,16,100 copies/ul,NA
NA,NA,NA,31.142079939999999,16,10 copies/ul,NA
NA,NA,NA,31.174735040000002,16,10 copies/ul,NA
NA,NA,NA,34.30286177,16,1 copies/ul,NA
NA,NA,NA,35.472728289999999,16,1 copies/ul,NA
NA,NA,NA,23.934472920000001,17,1000 copies/ul,NA
NA,NA,NA,23.761530910000001,17,1000 copies/ul,NA
NA,NA,NA,27.217813599999999,17,100 copies/ul,NA
NA,NA,NA,27.16141605,17,100 copies/ul,NA
NA,NA,NA,30.59001958,17,10 copies/ul,NA
NA,NA,NA,30.660115059999999,17,10 copies/ul,NA
NA,NA,NA,33.802457750000002,17,1 copies/ul,NA
NA,NA,NA,33.563986450000002,17,1 copies/ul,NA
NA,NA,NA,24.330270259999999,18,1000 copies/ul,NA
NA,NA,NA,24.454693460000001,18,1000 copies/ul,NA
NA,NA,NA,28.14729109,18,100 copies/ul,NA
NA,NA,NA,27.843294409999999,18,100 copies/ul,NA
NA,NA,NA,31.311830759999999,18,10 copies/ul,NA
NA,NA,NA,31.319286959999999,18,10 copies/ul,NA
NA,NA,NA,34.597683240000002,18,1 copies/ul,NA
NA,NA,NA,34.578744559999997,18,1 copies/ul,NA
